{"cameraMode":{"drawMode":0,"name":"Shaded","section":"Shading Mode"},"sceneLighting":true,"audioPlay":false,"sceneViewState":{"showFog":true,"showMaterialUpdate":false,"showSkybox":true,"showFlares":true,"showImageEffects":true,"showParticleSystems":true},"in2DMode":false,"pivot":{"x":-99.1822738647461,"y":-185.62350463867188,"z":261.7779235839844},"rotation":{"x":0.27204298973083498,"y":-0.1833542436361313,"z":0.05288444459438324,"w":0.9431878924369812},"size":381.2619323730469,"orthographic":false}